{
    "accuracy": 0.90625,
    "precision": 0.7428571428571429,
    "recall": 0.5531914893617021,
    "f1_score": 0.6341463414634146
}